{"id":"A2194A7F-D9DE-448F-B616-43109FB93267","validationEntity":{"analysedDataType":"auto","dataResult":{}},"modelEntity":{"modelURL":"Models\/SpeechClassifier%201.mlmodel"},"version":"1.0","settingEntity":{"suggestedColumnTypes":["String","String"],"augmentations":[],"generalClassifierType":{"auto":{}},"transferLearningEmbeddingType":"dynamic","suggestedColumns":["Text","Label"],"targetColumn":"Label","algorithmType":"maxEnt","seedType":"default","suggestedColumnValues":["I am near warm water, near tropical area with high winds, there is a circular wind, seems to resemble a hurricane, resembles a typhoon, fast winds, thunderstorm over tropical waters, rotating storm, storm is in a low atmospheric pressure area, I see smoke and dust, I see flames, I see smoke in the trees, there's water everywhere, excessive rain, excessive precipitation, rain, roads are overflowing with water, precipitation, fog, floor is shaking, I feel vibrations, shaking and rumbling, I am stumbling, Unstable floor, I see fire, looks like a tornado, hurricane winds, overflowing water in river, I see black smoke, Fire is spreading","Cyclone, Cyclone, Cyclone, Cyclone, Cyclone, Cyclone, Cyclone, Cyclone, Cyclone, Wildfire, Wildfire, Wildfire, Flood, Flood, Flood, Flood, Flood, Flood, Wildfire, Earthquake, Earthquake, Earthquake, Earthquake, Earthquake, Wildfire, Cyclone, Cyclone, Flood, Wildfire, Wildfire"],"generalRegressorType":{"auto":{}},"featureNames":["Text"]},"state":"trained","trainingEntity":{"recipeTrainingResults":{"generalClassifier":{"confusionMatrix":[{"expected":"Cyclone","actual":"Cyclone","count":14},{"expected":"Earthquake","actual":"Earthquake","count":11},{"expected":"Flood","actual":"Flood","count":12},{"expected":"Wildfire","actual":"Wildfire","count":10}],"statsByLabel":{"Wildfire":{"count":10,"precisionRecall":{"success":{"recall":1,"precision":1}}},"Flood":{"count":12,"precisionRecall":{"success":{"recall":1,"precision":1}}},"Cyclone":{"count":14,"precisionRecall":{"success":{"recall":1,"precision":1}}},"Earthquake":{"count":11,"precisionRecall":{"success":{"recall":1,"precision":1}}}},"accuracy":1}},"finishTime":624471369.63432002,"dataResult":{"itemsCount":47,"columns":["Text","Label"],"dataURL":"file:\/\/\/Users\/kevinmo\/Documents\/NaturalDisasterApp\/textdataset.csv","columnTypes":["String","String"],"classesCount":4,"dataSourceID":"AE344758-7402-4C3E-859D-74E0F67BB6BE","analysis":{"summary":{"canUseValidation":0,"classCount":4,"sampleCount":47},"issues":[{"description":"Data has 47 rows","severity":"info"}]},"columnValues":["I am near warm water, near tropical area with high winds, there is a circular wind, seems to resemble a hurricane, resembles a typhoon, fast winds, thunderstorm over tropical waters, rotating storm, storm is in a low atmospheric pressure area, I see smoke and dust, I see flames, I see smoke in the trees, there's water everywhere, excessive rain, excessive precipitation, rain, roads are overflowing with water, precipitation, fog, floor is shaking, I feel vibrations, shaking and rumbling, I am stumbling, Unstable floor, I see fire, looks like a tornado, hurricane winds, overflowing water in river, I see black smoke, Fire is spreading","Cyclone, Cyclone, Cyclone, Cyclone, Cyclone, Cyclone, Cyclone, Cyclone, Cyclone, Wildfire, Wildfire, Wildfire, Flood, Flood, Flood, Flood, Flood, Flood, Wildfire, Earthquake, Earthquake, Earthquake, Earthquake, Earthquake, Wildfire, Cyclone, Cyclone, Flood, Wildfire, Wildfire"]},"analysedDataType":"choose","startTime":624471367.27577806,"progress":[],"trainingAccuracy":1},"createdDate":"2020-10-15 12:09:45","transientEvaluationState":"none","evaluationState":"uninitialized","title":"SpeechClassifier 1","evaluationEntity":{"analysedDataType":"none","dataResult":{}},"modifiedDate":"2020-10-15 12:16:09","transientState":"none","preferredFilename":"SpeechClassifier 1"}